GENE,CHR,START,STOP,NSNPS,NPARAM,N,ZSTAT,P_MULTI,P_SNPWISE_MEAN,P_SNPWISE_TOP1,P_MULTI_FDR,P_SNPWISE_MEAN_FDR,P_SNPWISE_TOP1_FDR
ANXA4,2,69644100,69826464,284,39,8816,4.7098,1.2395e-06,3.845e-07,0.00022691,0.02162099555,0.0070598045,0.260393406875
LOC105375950,9,971948,976558,12,5,8816,4.5773,2.3551e-06,1.0902e-05,2.7316e-06,0.02162099555,0.067917339,0.0501549076
