GENE,CHR,START,STOP,NSNPS,NPARAM,N,ZSTAT,P_MULTI,P_SNPWISE_MEAN,P_SNPWISE_TOP1,P_MULTI_FDR,P_SNPWISE_MEAN_FDR,P_SNPWISE_TOP1_FDR
ZBTB25,14,64449106,64505213,94,14,8816,4.8218,7.1128e-07,3.5146e-06,1.4159e-05,0.01306052336,0.0521187008,0.129993779
LOC105375950,9,971948,976558,12,5,8816,4.4834,3.6738e-06,1.2542e-05,5.0868e-06,0.0337291578,0.0521187008,0.0934038216
RNF19A,8,100257059,100336218,110,13,8816,4.3439,6.9991e-06,7.1026e-06,0.00036799,0.0428391580666667,0.0521187008,0.355633283157895
